,Iteration,Time,MSE_Loss,MAPE
0,1,2,4004.0991319444443,25.089916229248047
1,2,3,3952.181271701389,24.839460372924805
2,3,4,3549.235205078125,23.82724952697754
3,4,5,2579.432405598958,20.44450569152832
4,5,6,2255.6326280381945,19.10561752319336
5,6,7,2198.598291015625,18.834320068359375
6,7,8,2176.84150390625,18.77019691467285
7,8,9,2159.8314561631946,18.674461364746094
8,9,10,2158.574755859375,18.713699340820312
9,10,10,2134.2350179036457,18.64318084716797
10,11,11,2123.3133463541667,18.5926513671875
11,12,12,2118.1035047743057,18.552072525024414
12,13,13,2111.792426215278,18.56032943725586
13,14,14,2108.2061414930554,18.552684783935547
14,15,15,2091.3859076605904,18.426280975341797
15,16,16,2115.8460557725693,18.558820724487305
16,17,17,2089.716349283854,18.39130401611328
17,18,18,2079.4757514105904,18.400300979614258
18,19,19,2076.5568793402776,18.387065887451172
19,20,20,2069.4698974609373,18.400959014892578
20,21,21,2074.8632758246526,18.431743621826172
21,22,22,2061.4546902126735,18.332847595214844
22,23,22,2071.0585883246526,18.297704696655273
23,24,23,2056.408859592014,18.32594108581543
24,25,24,2051.208219401042,18.293930053710938
25,26,25,2045.6040771484375,18.287723541259766
26,27,26,2046.8648057725695,18.29045295715332
27,28,27,2044.9427300347222,18.297941207885742
28,29,28,2045.9442111545138,18.197416305541992
29,30,29,2034.199552408854,18.22657585144043
30,31,30,2030.316379123264,18.19706916809082
31,32,31,2030.4189914279514,18.215112686157227
32,33,32,2026.5632080078126,18.168752670288086
33,34,33,2023.2367458767362,18.201810836791992
34,35,34,2019.3239637586805,18.12792205810547
35,36,35,2024.9591281467015,18.118425369262695
36,37,36,2017.0290445963542,18.1768798828125
37,38,37,2010.440535481771,18.153993606567383
38,39,38,2018.1281304253473,18.183029174804688
39,40,39,2009.3475070529514,18.11837387084961
40,41,40,2004.02626953125,18.121007919311523
41,42,41,2003.8217312282986,18.109973907470703
42,43,41,2003.1002875434028,18.12502098083496
43,44,42,2002.413547092014,18.258012771606445
44,45,43,1948.4428249782986,17.925472259521484
45,46,44,1910.5334526909721,17.769306182861328
46,47,45,1856.401939561632,17.553388595581055
47,48,46,1756.0672661675346,17.039546966552734
48,49,47,1641.4695529513888,16.525989532470703
49,50,48,1580.5830213758682,16.19699478149414
50,51,49,1568.8691324869792,16.14681625366211
51,52,50,1545.4685031467013,16.01175308227539
52,53,51,1533.6505533854167,15.946706771850586
53,54,52,1523.6954535590278,15.930846214294434
54,55,52,1521.655490451389,15.89841365814209
55,56,53,1518.9227077907985,15.865391731262207
56,57,54,1514.134743923611,15.865063667297363
57,58,55,1517.4540418836805,15.935248374938965
58,59,56,1511.142195638021,15.845735549926758
59,60,57,1502.9941433376737,15.79539966583252
60,61,58,1509.9107313368056,15.828093528747559
61,62,59,1498.355734592014,15.796019554138184
62,63,59,1503.6120144314236,15.77757453918457
63,64,60,1497.8638264973958,15.761221885681152
64,65,61,1493.7170084635416,15.747807502746582
65,66,62,1497.8493706597221,15.765695571899414
66,67,63,1505.044712999132,15.8690767288208
67,68,64,1488.6347574869792,15.73597526550293
68,69,65,1490.2413519965278,15.775632858276367
69,70,66,1489.338414171007,15.764680862426758
70,71,66,1488.656144205729,15.702007293701172
71,72,67,1486.8254014756944,15.743714332580566
72,73,68,1485.2060302734376,15.688517570495605
73,74,69,1487.4788275824653,15.755759239196777
74,75,70,1487.8366590711805,15.682686805725098
75,76,71,1490.5464680989583,15.810948371887207
76,77,72,1480.107777235243,15.665102005004883
77,78,73,1478.0393473307292,15.678387641906738
78,79,74,1481.275168185764,15.753467559814453
79,80,75,1478.793882921007,15.655689239501953
80,81,76,1474.8478868272568,15.658648490905762
81,82,77,1474.7783501519098,15.636080741882324
82,83,77,1473.6385226779514,15.649773597717285
83,84,78,1472.1889105902778,15.639500617980957
84,85,79,1472.4387749565972,15.6353759765625
85,86,80,1473.9603841145833,15.695430755615234
86,87,81,1472.103404405382,15.619571685791016
87,88,82,1482.9983669704861,15.664155960083008
88,89,83,1467.6882921006945,15.634851455688477
89,90,84,1469.3730875651042,15.657809257507324
90,91,85,1469.0672390407985,15.676453590393066
91,92,86,1469.3866590711805,15.601724624633789
92,93,87,1468.0087131076389,15.668517112731934
93,94,88,1468.44814453125,15.691198348999023
94,95,89,1469.0408664279514,15.632112503051758
95,96,89,1465.4385226779514,15.618070602416992
96,97,90,1463.1440185546876,15.614017486572266
97,98,91,1472.783585611979,15.614482879638672
98,99,92,1463.2689019097222,15.60673713684082
99,100,93,1466.2740180121527,15.6024751663208
100,101,94,1462.3261962890624,15.586134910583496
101,102,95,1468.0271131727432,15.630456924438477
102,103,96,1473.254744466146,15.745221138000488
103,104,97,1462.4869574652778,15.585546493530273
104,105,98,1458.4731038411458,15.576395034790039
105,106,99,1458.289306640625,15.585144996643066
106,107,99,1463.4859049479167,15.571861267089844
107,108,100,1457.030796983507,15.576881408691406
108,109,101,1459.5125651041667,15.612723350524902
109,110,102,1457.8056613498263,15.60354995727539
110,111,103,1456.178369140625,15.587575912475586
111,112,104,1466.8808837890624,15.569801330566406
112,113,105,1211.6152994791667,13.938272476196289
113,114,106,985.4648980034722,11.838010787963867
114,115,107,960.810923936632,11.289050102233887
115,116,107,959.6199259440104,11.431048393249512
116,117,108,951.9669284396701,11.198512077331543
117,118,109,948.514579264323,11.226325035095215
118,119,110,958.9885525173611,11.232817649841309
119,120,111,944.7538384331597,11.045355796813965
120,121,112,943.0296427408854,11.10839557647705
121,122,113,941.4400770399305,11.058659553527832
122,123,114,938.7149468315972,11.075575828552246
123,124,115,940.3554945203994,10.99200439453125
124,125,115,936.9416314019097,11.103521347045898
125,126,116,934.5585869683159,10.98460865020752
126,127,117,936.9536539713541,11.070541381835938
127,128,118,933.6174791124132,10.988046646118164
128,129,119,934.4907755533854,10.946213722229004
129,130,120,932.049205186632,11.011220932006836
130,131,121,932.6939276801215,11.040177345275879
131,132,122,936.6586412217882,11.029205322265625
132,133,123,929.4028984917535,10.907599449157715
133,134,123,938.6881117078993,10.978328704833984
134,135,124,930.701604546441,11.1276273727417
135,136,125,931.0031955295138,11.205927848815918
136,137,126,925.6847466362847,10.994847297668457
137,138,127,926.2348334418402,10.939576148986816
138,139,128,920.6424899631077,10.87820816040039
139,140,129,921.8929389105903,10.984552383422852
140,141,130,922.787422688802,10.879668235778809
141,142,131,923.7518595377604,10.827264785766602
142,143,132,919.3478841145833,10.869189262390137
143,144,132,918.429918077257,10.92416763305664
144,145,133,922.1882256401909,11.09517765045166
145,146,134,917.3131713867188,10.866716384887695
146,147,135,916.1296685112848,10.865547180175781
147,148,136,913.2862969292535,10.80237865447998
148,149,137,912.5369750976563,10.810685157775879
149,150,138,914.2145345052083,10.752097129821777
150,151,139,908.5743272569445,10.74259090423584
151,152,140,909.1100192599827,10.769116401672363
152,153,140,907.5423258463542,10.658797264099121
153,154,141,909.6006985134549,10.641215324401855
154,155,142,906.297216796875,10.635682106018066
155,156,143,905.7459947374132,10.747973442077637
156,157,144,908.2981011284722,10.715513229370117
157,158,145,912.7615926106771,10.6860990524292
158,159,146,906.2495442708333,10.625617980957031
159,160,147,907.0414103190104,10.7522611618042
160,161,148,902.1880343967014,10.589052200317383
161,162,149,905.9193766276042,10.707409858703613
162,163,150,907.332874891493,10.589539527893066
163,164,150,901.3546359592013,10.560155868530273
164,165,151,915.034814453125,10.686898231506348
165,166,152,903.1559041341146,10.58687973022461
166,167,153,900.9844061957465,10.549842834472656
167,168,154,907.3567247178819,10.624168395996094
168,169,155,901.0046617296007,10.577645301818848
169,170,156,910.6474595811632,10.888574600219727
170,171,157,899.587981499566,10.551372528076172
171,172,157,907.598974609375,10.616214752197266
172,173,158,907.1676052517361,10.826594352722168
173,174,159,909.6774007161458,10.611144065856934
174,175,160,909.2982299804687,10.90276050567627
175,176,161,906.8417588975694,10.775803565979004
176,177,162,898.7191569010416,10.543831825256348
177,178,163,901.513316514757,10.601713180541992
178,179,164,898.5915703667534,10.510129928588867
179,180,165,900.2607503255208,10.538192749023438
180,181,165,899.1960517035591,10.526147842407227
181,182,166,898.5622097439236,10.548091888427734
182,183,167,902.4621622721354,10.584600448608398
183,184,168,898.5965087890625,10.562141418457031
184,185,169,900.3353271484375,10.533917427062988
185,186,170,899.970458984375,10.589447975158691
186,187,171,900.2352213541667,10.535517692565918
187,188,172,897.0839748806424,10.516019821166992
188,189,173,899.5200534396702,10.520869255065918
189,190,173,901.0072536892361,10.681055068969727
190,191,174,905.3173122829861,10.559869766235352
191,192,175,896.7430216471354,10.529926300048828
192,193,176,898.8486219618055,10.598875045776367
193,194,177,897.3723456488715,10.517878532409668
194,195,178,898.7940253363715,10.540318489074707
195,196,179,897.6189398871528,10.517066955566406
196,197,180,898.2832044813368,10.568228721618652
197,198,181,901.1886990017362,10.606441497802734
198,199,181,904.9409912109375,10.687870979309082
199,200,182,895.651966688368,10.511035919189453
200,201,183,900.332623969184,10.533276557922363
201,202,184,900.0813313802083,10.637367248535156
202,203,185,897.9777791341146,10.485987663269043
203,204,186,896.9491821289063,10.500388145446777
204,205,187,903.4019802517361,10.641424179077148
205,206,188,896.1034301757812,10.483236312866211
206,207,189,894.6351806640625,10.466070175170898
207,208,190,895.1682888454861,10.478178977966309
208,209,191,910.683119032118,10.515984535217285
209,210,191,894.735365125868,10.494129180908203
210,211,192,897.8102430555556,10.58508586883545
211,212,193,899.5878567165798,10.515545845031738
212,213,194,894.2002685546875,10.464107513427734
213,214,195,900.2250447591146,10.545744895935059
214,215,196,896.8638170030382,10.496430397033691
215,216,197,897.8663750542535,10.490060806274414
216,217,198,895.4340345594618,10.509148597717285
217,218,199,899.6401123046875,10.568828582763672
218,219,199,894.4260457356771,10.484493255615234
219,220,200,894.5555487738716,10.458727836608887
220,221,201,895.00537109375,10.4638090133667
221,222,202,897.8036878797743,10.500061988830566
222,223,203,899.8584933810764,10.618008613586426
223,224,204,899.084061686198,10.508095741271973
224,225,205,900.3219780815972,10.479898452758789
225,226,206,895.4629014756945,10.458002090454102
226,227,207,898.9437839084202,10.497203826904297
227,228,208,896.3523586697048,10.46756362915039
228,229,208,894.663008626302,10.535379409790039
229,230,209,895.5711547851563,10.568745613098145
230,231,210,893.7941880967882,10.47031021118164
231,232,211,894.1939019097222,10.475881576538086
232,233,212,898.4781765407986,10.552037239074707
233,234,213,893.1506727430556,10.478412628173828
234,235,214,894.9753458658854,10.450859069824219
235,236,214,892.7861857096354,10.440045356750488
236,237,215,893.7783542209202,10.416269302368164
237,238,216,906.4823092990451,10.45207405090332
238,239,217,864.2398735894097,10.16713809967041
239,240,218,856.451304796007,10.040874481201172
240,241,219,835.8375013563368,9.940186500549316
241,242,220,827.7432603624131,9.842720985412598
242,243,221,821.6507364908854,9.848759651184082
243,244,222,808.1970445421007,9.639336585998535
244,245,222,785.4024305555556,9.814891815185547
245,246,223,582.2698065863715,8.53173542022705
246,247,224,353.4612718370226,6.56582498550415
247,248,225,313.61292046440974,5.801624774932861
248,249,226,296.52667507595487,5.624490737915039
249,250,227,299.1159220377604,5.405213356018066
250,251,228,279.51483120388457,5.281117916107178
251,252,229,278.51169637044273,5.3341827392578125
252,253,229,271.2649502224392,5.177338123321533
253,254,230,266.4205383300781,5.122049808502197
254,255,231,269.2309058295356,5.2630486488342285
255,256,232,264.5648508707682,5.129665374755859
256,257,233,262.5840894911024,5.033592224121094
257,258,234,257.3016343858507,5.019408226013184
258,259,235,252.7622046576606,4.974577903747559
259,260,236,252.9492902967665,4.96730375289917
260,261,237,250.93919169108074,4.980399131774902
261,262,237,246.3017062717014,4.923276901245117
262,263,238,245.4403544108073,4.908519744873047
263,264,239,248.96730007595485,4.944000720977783
264,265,240,244.16344502766927,4.865895748138428
265,266,241,242.79200439453126,4.881568431854248
266,267,242,248.67318047417535,4.972907066345215
267,268,243,239.90728047688802,4.851748943328857
268,269,244,253.09329325358073,5.06320858001709
269,270,244,240.23768683539495,4.836043834686279
270,271,245,238.08835788302952,4.78278112411499
271,272,246,238.64022420247395,4.79664421081543
272,273,247,238.67628614637587,4.833274841308594
273,274,248,240.0747294108073,4.8068132400512695
274,275,249,236.40928446451824,4.803145408630371
275,276,250,236.377200656467,4.788358211517334
276,277,251,236.6272026909722,4.7325568199157715
277,278,252,234.4088606092665,4.7822184562683105
278,279,252,232.08730943467882,4.711908340454102
279,280,253,230.3844950358073,4.732269763946533
280,281,254,231.52134535047742,4.803480625152588
281,282,255,231.56420186360677,4.735897541046143
282,283,256,231.4723137749566,4.744947910308838
283,284,257,230.93219536675346,4.732559680938721
284,285,258,230.5518330891927,4.695289611816406
285,286,259,227.60044996473525,4.687216281890869
286,287,259,236.0827433268229,4.8678507804870605
287,288,260,228.6037594265408,4.658137798309326
288,289,261,227.4187764485677,4.671505451202393
289,290,262,237.40500183105468,4.856628894805908
290,291,263,225.60319247775607,4.635622501373291
291,292,264,224.30781046549478,4.632483959197998
292,293,265,225.10033908420138,4.650407791137695
293,294,266,230.67528245713976,4.767810344696045
294,295,266,223.49457024468316,4.64290189743042
295,296,267,226.12433742947047,4.683979511260986
296,297,268,225.75873074001737,4.618959426879883
297,298,269,226.46884392632379,4.720196723937988
298,299,270,225.67973734537762,4.661729335784912
299,300,271,224.07510138617621,4.658373832702637
300,301,272,218.56563178168403,4.6265363693237305
301,302,273,211.17166510687935,4.495112419128418
302,303,273,209.52364128960502,4.534747123718262
303,304,274,201.81610378689237,4.4382500648498535
304,305,275,201.74168192545574,4.410191535949707
305,306,276,199.13155449761285,4.462803840637207
306,307,277,182.37472771538629,4.2674641609191895
307,308,278,170.83089565700953,4.090132713317871
308,309,279,163.54067009819877,4.066868305206299
309,310,280,156.3900892469618,3.9809300899505615
310,311,281,150.3270521375868,3.933136224746704
311,312,281,143.2133341471354,3.7717349529266357
312,313,282,139.20840471055772,3.7252957820892334
313,314,283,145.15975918240017,3.8376879692077637
314,315,284,136.77225986056857,3.706005573272705
315,316,285,142.20030653211805,3.7499876022338867
316,317,286,131.8764916314019,3.633615493774414
317,318,287,130.43834516737195,3.634366750717163
318,319,288,130.1109083387587,3.6013617515563965
319,320,289,130.17698177761503,3.596616506576538
320,321,289,128.59456380208334,3.700688362121582
321,322,290,124.58800540500216,3.5625967979431152
322,323,291,129.02064446343317,3.671732187271118
323,324,292,129.10874786376954,3.6139159202575684
324,325,293,124.29831814236111,3.583773136138916
325,326,294,126.44032864040798,3.65474271774292
326,327,295,127.23202006022136,3.616128921508789
327,328,296,122.2231942070855,3.533353567123413
328,329,297,126.8337627834744,3.575742721557617
329,330,298,123.81956346299913,3.622446298599243
330,331,298,123.92263505723741,3.59222412109375
331,332,299,119.40770992702907,3.58436918258667
332,333,300,116.94319542778862,3.4235551357269287
333,334,301,118.35466952853733,3.4590673446655273
334,335,302,115.45690138075086,3.408228874206543
335,336,303,123.29092678493923,3.6007583141326904
336,337,304,114.60376502143012,3.448296308517456
337,338,305,114.895310804579,3.399951696395874
338,339,305,116.41522996690539,3.433708906173706
339,340,306,112.55334811740451,3.3619139194488525
340,341,307,113.86544884575738,3.411350727081299
341,342,308,117.54462365044488,3.4494519233703613
342,343,309,110.66444854736328,3.355046033859253
343,344,310,112.5721693250868,3.361091375350952
344,345,311,109.62109798855252,3.333146810531616
345,346,312,113.98518608940972,3.4105818271636963
346,347,312,108.10028550889757,3.3337459564208984
347,348,313,110.28422071668837,3.3253631591796875
348,349,314,111.17304229736328,3.3744618892669678
349,350,315,115.15533684624566,3.4148666858673096
350,351,316,119.96452077229817,3.43095326423645
351,352,317,109.6271714952257,3.4052562713623047
352,353,318,106.22911699083116,3.2712082862854004
353,354,319,114.49657999674479,3.467653274536133
354,355,320,107.99354654947916,3.2952969074249268
355,356,320,115.21062757703993,3.396397829055786
356,357,321,111.4332512749566,3.3216264247894287
357,358,322,107.45889299180773,3.268174171447754
358,359,323,106.42735273573133,3.3880348205566406
359,360,324,116.53414086235894,3.3782966136932373
360,361,325,110.30453101264106,3.3335812091827393
361,362,326,102.1607447306315,3.2000350952148438
362,363,327,108.6548563639323,3.2834534645080566
363,364,327,106.42943657769098,3.2631776332855225
364,365,328,104.47899848090277,3.3316805362701416
365,366,329,104.46741570366754,3.3007051944732666
366,367,330,103.42102593315973,3.2670061588287354
367,368,331,106.24244571261936,3.273294448852539
368,369,332,100.67718132866753,3.1933083534240723
369,370,333,104.5201427883572,3.226377010345459
370,371,334,103.77663794623481,3.299368143081665
371,372,334,102.64560919867621,3.256472110748291
372,373,335,101.49140353732639,3.258465528488159
373,374,336,100.35523562961154,3.1745903491973877
374,375,337,104.68967675103082,3.2390613555908203
375,376,338,101.5498309665256,3.210756301879883
376,377,339,101.6482666015625,3.2137088775634766
377,378,340,112.85550944010417,3.40909481048584
378,379,341,106.09160919189453,3.3011252880096436
379,380,342,100.74059431287978,3.186493396759033
380,381,343,99.82372809516059,3.1680452823638916
381,382,344,102.09993167453342,3.240743637084961
382,383,345,99.54372151692708,3.1919002532958984
383,384,346,101.44527825249565,3.2258763313293457
384,385,347,100.45354953342014,3.205021381378174
385,386,348,98.12977718777127,3.128434658050537
386,387,349,100.46502583821615,3.2057671546936035
387,388,350,96.82467464870876,3.127855062484741
388,389,351,99.61628401014539,3.1414248943328857
389,390,352,98.66642778184679,3.150735378265381
390,391,353,100.75503421359592,3.173645496368408
391,392,354,102.30338558620876,3.21775221824646
392,393,355,98.93859286838108,3.196187973022461
393,394,356,99.94990522596571,3.158756732940674
394,395,356,100.0872317843967,3.1724328994750977
395,396,357,108.98783298068577,3.440979480743408
396,397,358,103.17504679361979,3.263327121734619
397,398,359,97.42230088975694,3.1507506370544434
398,399,360,97.30081532796224,3.141383409500122
399,400,361,97.15256839328342,3.10626220703125
400,401,362,97.11432427300348,3.142491340637207
401,402,363,102.91824425591363,3.2135210037231445
402,403,363,97.9640150282118,3.1887803077697754
403,404,364,100.34109853108724,3.161804676055908
404,405,365,102.66592881944445,3.205315113067627
405,406,366,97.35347764756945,3.110316276550293
406,407,367,96.728493754069,3.1407811641693115
407,408,368,99.62398817274305,3.1381561756134033
408,409,369,98.62451087103949,3.151139974594116
409,410,370,100.87066040039062,3.1634085178375244
410,411,371,97.16046430799696,3.1450278759002686
411,412,371,98.69351399739584,3.1858935356140137
412,413,372,94.74265085856119,3.103586196899414
413,414,373,97.50875379774305,3.2395453453063965
414,415,374,94.9774173312717,3.1260979175567627
415,416,375,99.1080054389106,3.196812391281128
416,417,376,107.82034895155165,3.346755027770996
417,418,377,98.67272474500868,3.1436567306518555
418,419,378,94.82823605007596,3.071641445159912
419,420,378,94.1321787516276,3.0968029499053955
420,421,379,96.83162723117404,3.173410177230835
421,422,380,95.61045735677084,3.0748448371887207
422,423,381,96.00482889811198,3.120460033416748
423,424,382,96.84850582546657,3.1012539863586426
424,425,383,95.62608829074436,3.1209700107574463
425,426,384,98.0752916124132,3.116791248321533
426,427,385,94.60762040879992,3.1268482208251953
427,428,385,97.48731062147353,3.1583454608917236
428,429,386,95.87498372395834,3.131626844406128
429,430,387,92.93525271945529,3.077458143234253
430,431,388,96.80096605088976,3.1187164783477783
431,432,389,102.3781723022461,3.338848114013672
432,433,390,94.77891693115234,3.080113172531128
433,434,391,99.26979217529296,3.213752031326294
434,435,392,96.38814595540364,3.1342368125915527
435,436,393,94.69375779893663,3.0899295806884766
436,437,394,94.00673065185546,3.087906837463379
437,438,394,91.93221045600043,3.034292459487915
438,439,395,95.51884375678168,3.1100738048553467
439,440,396,94.42470957438151,3.100630283355713
440,441,397,95.7594974093967,3.095184326171875
441,442,398,94.70370873345269,3.177098512649536
442,443,399,99.11424543592665,3.2401063442230225
443,444,400,92.73533715142145,3.093313217163086
444,445,401,111.48735944959853,3.3846280574798584
445,446,402,98.40369262695313,3.145059108734131
446,447,402,91.85787217881945,3.046353816986084
447,448,403,96.12251536051433,3.113828182220459
448,449,404,92.67627868652343,3.0423243045806885
449,450,405,96.85371958414713,3.1262147426605225
450,451,406,93.76097581651476,3.054328203201294
451,452,407,97.46153513590495,3.204638957977295
452,453,408,96.70553487141927,3.208805561065674
453,454,409,92.57767401801215,3.085354804992676
454,455,410,94.75195804172093,3.0933563709259033
455,456,411,93.74046003553602,3.090237855911255
456,457,411,96.33439415825738,3.11055064201355
457,458,412,93.60470445421007,3.0364742279052734
458,459,413,91.11821560329861,3.018515110015869
459,460,414,94.0987306382921,3.1258697509765625
460,461,415,91.34107496473524,2.9994781017303467
461,462,416,92.37644856770834,3.050153970718384
462,463,417,92.5496831258138,3.033759355545044
463,464,418,90.02181989881727,2.9971561431884766
464,465,418,91.68423309326172,3.0250942707061768
465,466,419,92.52273763020834,3.055056095123291
466,467,420,100.03623809814454,3.333780527114868
467,468,421,93.07832692464193,3.0883853435516357
468,469,422,91.83204633924696,3.04439377784729
469,470,423,93.1370373196072,3.049459934234619
470,471,424,90.83358612060547,3.002919912338257
471,472,425,93.8829355875651,3.1372427940368652
472,473,426,91.22444034152561,3.0509986877441406
473,474,426,94.50197635226779,3.126164197921753
474,475,427,90.079881117079,3.0055160522460938
475,476,428,91.03956383599176,2.9989497661590576
476,477,429,93.55436740451388,3.181220531463623
477,478,430,91.85460510253907,3.0473110675811768
478,479,431,92.8434544881185,3.077208995819092
479,480,432,94.50647532145182,3.0767829418182373
480,481,433,93.60163150363498,3.0944607257843018
481,482,434,92.72471686469184,3.045104742050171
482,483,434,89.73701799180773,3.007145643234253
483,484,435,95.63018544514973,3.236046075820923
484,485,436,90.7077138264974,3.0301249027252197
485,486,437,90.26566908094618,2.9975831508636475
486,487,438,90.22063785129123,3.012995719909668
487,488,439,91.43133104112414,3.1019606590270996
488,489,440,90.23610670301649,3.0202460289001465
489,490,441,94.76048973931206,3.0994622707366943
490,491,442,91.01659579806858,3.0300567150115967
491,492,442,87.71400146484375,2.975301742553711
492,493,443,91.14965515136718,3.0486934185028076
493,494,444,91.65454847547743,3.0420589447021484
494,495,445,95.04671715630425,3.1785924434661865
495,496,446,92.35075920952691,3.093423366546631
496,497,447,91.14269222683377,2.9955015182495117
497,498,448,90.69933505588108,3.0035088062286377
498,499,449,90.83013729519314,3.1522915363311768
499,500,450,95.86859385172527,3.185795545578003
500,501,451,93.37760331895616,3.0431082248687744
501,502,451,91.03577406141493,3.0434834957122803
502,503,452,92.69723917643229,3.092048406600952
503,504,453,88.52812805175782,2.99143648147583
504,505,454,94.09842834472656,3.04785418510437
505,506,455,87.08582916259766,2.9392638206481934
506,507,456,94.42574072943793,3.085134267807007
507,508,457,89.67225748697916,3.0422258377075195
508,509,458,88.78740658230252,2.970181941986084
509,510,459,91.34951612684462,3.0353739261627197
510,511,459,91.29616529676649,3.036433458328247
511,512,460,89.85634765625,3.004948377609253
512,513,461,90.72816958957249,3.0005898475646973
513,514,462,87.97905392116971,2.9479613304138184
514,515,463,89.12228359646268,3.035902500152588
515,516,464,88.32925228542751,2.982844591140747
516,517,465,89.75887552897136,3.0363922119140625
517,518,466,90.65425533718533,3.020789623260498
518,519,467,89.82386305067274,2.9865243434906006
519,520,467,94.0743184407552,3.0732290744781494
520,521,468,89.3482398139106,3.0391316413879395
521,522,469,88.43623606363933,2.9644343852996826
522,523,470,86.55597839355468,2.9376566410064697
523,524,471,86.99244503445095,2.9339983463287354
524,525,472,90.05915662977431,2.977224349975586
525,526,473,88.52318539089627,2.9547770023345947
526,527,474,92.66592763264974,3.0526466369628906
527,528,475,92.11767662896051,3.1127331256866455
528,529,476,88.5832997639974,3.009087085723877
529,530,476,86.49888831244574,2.933030128479004
530,531,477,89.61391940646702,3.022838830947876
531,532,478,90.37127346462674,3.0947601795196533
532,533,479,88.52318742540147,2.952382802963257
533,534,480,87.84955579969618,2.9829087257385254
534,535,481,90.89679548475478,3.0002026557922363
535,536,482,98.03061218261719,3.2657456398010254
536,537,482,91.41096004909939,2.9998087882995605
537,538,483,91.76414065890842,3.0944228172302246
538,539,484,88.66476016574435,2.9614617824554443
539,540,485,91.42350090874567,2.988865375518799
540,541,486,96.85658637152778,3.144684076309204
541,542,487,87.84210052490235,2.980700731277466
542,543,488,90.75364193386501,3.000415802001953
543,544,489,94.64627329508464,3.2342147827148438
544,545,490,91.92666168212891,3.0102896690368652
545,546,491,89.00201093885633,2.967452049255371
546,547,491,87.99151967366537,3.0074830055236816
547,548,492,89.27901560465494,3.031844139099121
548,549,493,89.40040011935764,3.0054523944854736
549,550,494,88.51025848388672,2.9833834171295166
550,551,495,91.11549157036676,2.9838602542877197
551,552,496,86.82684410942926,2.9764552116394043
552,553,497,89.22028181287978,3.02990460395813
553,554,497,87.57353939480252,2.944366931915283
554,555,498,87.38700188530817,2.935682535171509
555,556,499,94.29207763671874,3.123648166656494
556,557,500,91.87626817491319,3.003728151321411
557,558,501,88.83617604573568,2.9746532440185547
558,559,502,86.8720447116428,2.9365620613098145
559,560,503,89.86206258138021,2.9814047813415527
560,561,504,86.97737816704644,2.9538931846618652
561,562,504,86.90121968587239,2.921727180480957
562,563,505,90.25106709798177,3.0124542713165283
563,564,506,86.00705023871528,2.9516632556915283
564,565,507,90.75905812581381,3.075103998184204
565,566,508,87.93251732720269,2.9396939277648926
566,567,509,90.56916097005208,2.9488425254821777
567,568,510,89.23662770589193,3.0338239669799805
568,569,511,86.53129052056207,2.939347743988037
569,570,511,86.46084815131293,2.9223885536193848
570,571,512,90.35519053141276,3.0390071868896484
571,572,513,86.1743170844184,2.9262266159057617
572,573,514,92.4987070719401,3.0224502086639404
573,574,515,94.7105729844835,3.173360586166382
574,575,516,86.75871056450738,2.932502031326294
575,576,517,87.95089636908637,2.9384870529174805
576,577,518,88.66627570258247,2.994710922241211
577,578,518,88.58502943250868,2.9748990535736084
578,579,519,87.40381384955512,2.955609083175659
579,580,520,87.99073215060764,2.9805972576141357
580,581,521,85.41510738796659,2.911952257156372
581,582,522,87.91255357530382,2.980214834213257
582,583,523,88.13226877848307,2.977173328399658
583,584,524,88.14183366563586,3.019676446914673
584,585,525,90.40245446099175,2.9348013401031494
585,586,526,89.09801245795356,3.04464054107666
586,587,526,90.60638749864367,3.0759146213531494
587,588,527,86.1877709282769,2.939093589782715
588,589,528,84.9524402194553,2.909595489501953
589,590,529,100.86677890353732,3.3209762573242188
590,591,530,87.968552992079,3.013301372528076
591,592,531,85.97213779025607,2.9248135089874268
592,593,532,87.32347005208334,3.006305456161499
593,594,532,84.2016613430447,2.9033491611480713
594,595,533,87.45701260036893,3.028313636779785
595,596,534,84.6890616522895,2.90077543258667
596,597,535,86.30160675048828,2.9583475589752197
597,598,536,86.09488932291667,2.9099743366241455
598,599,537,86.38567114935981,2.930328130722046
599,600,538,86.94672325981988,3.0118913650512695
600,601,539,87.35016225179037,3.0066440105438232
601,602,539,85.30443437364366,2.934312582015991
602,603,540,85.43636932373047,2.9188976287841797
603,604,541,85.3227276272244,2.8942625522613525
604,605,542,91.59568769666883,3.0673563480377197
605,606,543,89.67837626139323,3.081653594970703
606,607,544,84.05955895317925,2.921208381652832
607,608,545,86.22327084011502,2.997070789337158
608,609,546,86.03195139567057,2.9732840061187744
609,610,546,84.40166744656032,2.9346861839294434
610,611,547,86.36002027723524,2.9756720066070557
611,612,548,84.16338823106554,2.902047872543335
612,613,549,84.99501495361328,2.959418773651123
613,614,550,85.91019575330947,2.9178943634033203
614,615,551,84.72285342746311,2.924452304840088
615,616,552,88.1211932712131,2.980494260787964
616,617,553,87.78860287136501,2.9630367755889893
617,618,554,87.01365441216363,2.9683401584625244
618,619,554,85.29729326036241,2.897604465484619
619,620,555,86.73406863742404,2.9709062576293945
620,621,556,84.9861572265625,2.9501893520355225
621,622,557,86.30499911838108,3.0225980281829834
622,623,558,84.10765736897787,2.893871784210205
623,624,559,83.0828358968099,2.8880839347839355
624,625,560,85.34944678412543,2.90673565864563
625,626,561,86.90441419813368,3.033473491668701
626,627,561,83.55628679063585,2.870560884475708
627,628,562,84.30397355821398,2.944889545440674
628,629,563,90.60586802164714,3.1658644676208496
629,630,564,85.2462882147895,2.9224531650543213
630,631,565,83.47116190592448,2.9159064292907715
631,632,566,85.35375061035157,2.9424002170562744
632,633,567,82.96444990370009,2.8842897415161133
633,634,567,84.95175323486328,2.9031198024749756
634,635,568,85.41305677625868,2.914698839187622
635,636,569,84.09608357747396,2.886784076690674
636,637,570,84.04367964002822,2.912416934967041
637,638,571,84.18471306694879,2.9119372367858887
638,639,572,84.8478756374783,2.9118685722351074
639,640,573,84.50495944552951,2.901102066040039
640,641,574,82.4602793375651,2.8672971725463867
641,642,575,82.6034671359592,2.849198579788208
642,643,576,89.66263783772787,3.1046082973480225
643,644,577,81.66160142686633,2.8519113063812256
644,645,577,85.3641354031033,2.9309582710266113
645,646,578,88.4309354994032,3.001647710800171
646,647,579,83.04738057454428,2.885162830352783
647,648,580,82.36705457899305,2.8545780181884766
648,649,581,84.5922609117296,2.934114933013916
649,650,582,85.00418870713976,2.8925466537475586
650,651,583,87.01966993543837,2.9336838722229004
651,652,584,82.99959598117404,2.8698484897613525
652,653,585,86.60229203965929,2.970898151397705
653,654,585,82.42415110270183,2.8422303199768066
654,655,586,83.59182400173611,2.8844683170318604
655,656,587,89.42614356146919,3.0992350578308105
656,657,588,84.61364373101128,2.934000015258789
657,658,589,86.73967929416233,3.062002658843994
658,659,590,82.01397823757596,2.8777058124542236
659,660,591,85.60017751057943,2.956228256225586
660,661,592,82.54781731499565,2.880413770675659
661,662,593,93.08681962754991,3.132157802581787
662,663,593,86.95096316867405,2.9798436164855957
663,664,594,83.72479366726346,2.8992819786071777
664,665,595,85.70890028211805,2.9098172187805176
665,666,596,83.16823103162977,2.861603260040283
666,667,597,82.99557596842448,2.9011380672454834
667,668,598,84.24798855251736,2.8819162845611572
668,669,599,81.57012057834201,2.8391847610473633
669,670,600,81.75717196994357,2.8532702922821045
670,671,600,82.85132259792752,2.8936405181884766
671,672,601,87.35543178982205,2.938253164291382
672,673,602,81.08868136935764,2.8267364501953125
673,674,603,85.53900282118056,2.9337422847747803
674,675,604,83.14671647813586,2.886366367340088
675,676,605,86.04536844889323,2.943142890930176
676,677,606,81.70738898383246,2.860415458679199
677,678,606,81.88099161783855,2.8931732177734375
678,679,607,81.42535349527995,2.8654308319091797
679,680,608,89.78735097249348,3.138339042663574
680,681,609,82.42006395128038,2.91709303855896
681,682,610,83.56861928304036,2.9163925647735596
682,683,611,81.3874269273546,2.8842930793762207
683,684,612,82.5452145046658,2.8611929416656494
684,685,612,83.00572357177734,2.9674019813537598
685,686,613,83.36767069498698,2.8863420486450195
686,687,614,81.49971279568142,2.894749402999878
687,688,615,84.07345123291016,2.9205312728881836
688,689,616,80.36816830105252,2.834895133972168
689,690,617,84.61758134629991,2.9100072383880615
690,691,618,86.2514424641927,3.0232365131378174
691,692,618,82.61393788655599,2.882417917251587
692,693,619,83.17420806884766,2.9299376010894775
693,694,620,81.03470458984376,2.838996171951294
694,695,621,84.60063985188802,2.9087533950805664
695,696,622,81.28389417860242,2.867595672607422
696,697,623,80.88914031982422,2.8526127338409424
697,698,623,84.10841573079428,2.9720067977905273
698,699,624,82.0315921359592,2.869457483291626
699,700,625,81.3348875257704,2.8509576320648193
700,701,626,83.52645450168185,2.9488067626953125
701,702,627,81.27194671630859,2.86409592628479
702,703,627,82.1509062025282,2.8879992961883545
703,704,628,87.22187076144748,3.007848024368286
704,705,629,87.0939685397678,3.0011274814605713
705,706,630,83.39760386149088,2.8810958862304688
706,707,631,86.47761111789279,3.0615904331207275
707,708,631,81.96356692843968,2.8988962173461914
708,709,632,80.5911626180013,2.841801166534424
709,710,633,82.69895765516493,2.9428870677948
710,711,634,85.80491044786241,2.9871134757995605
711,712,635,84.4742677476671,2.952153444290161
712,713,635,82.25944519042969,2.873565912246704
713,714,636,87.57362399631076,3.0152878761291504
714,715,637,83.17432742648654,2.8517863750457764
715,716,638,80.56176045735677,2.820760488510132
716,717,639,81.63588019476997,2.888873815536499
717,718,640,80.35137329101562,2.8363466262817383
718,719,640,80.94649064805773,2.8470852375030518
719,720,641,80.48953001234267,2.885307788848877
720,721,642,85.47012329101562,2.916264057159424
721,722,643,82.94183010525174,2.8689382076263428
722,723,644,85.82838185628255,2.985227108001709
723,724,645,80.60684221055773,2.8521485328674316
724,725,646,83.06197035047742,2.9260425567626953
725,726,647,80.57119666205512,2.8273513317108154
726,727,648,84.3112289428711,2.999293327331543
727,728,648,79.68714396158855,2.8268744945526123
728,729,649,81.6220945570204,2.8496339321136475
729,730,650,80.06824273003473,2.8292734622955322
730,731,651,81.69828813340929,2.857151508331299
731,732,652,80.7988018459744,2.825498342514038
732,733,653,87.65252007378473,2.9876351356506348
733,734,654,82.88666195339627,2.8884904384613037
734,735,655,82.45561828613282,2.851074457168579
735,736,656,82.39634975857204,2.8421072959899902
736,737,656,82.03684539794922,2.8462138175964355
737,738,657,83.68633558485243,2.9002206325531006
738,739,658,80.28072238498264,2.8237390518188477
739,740,659,81.60801527235243,2.874521255493164
740,741,660,80.1556900024414,2.8334898948669434
741,742,661,79.8061289469401,2.839012384414673
742,743,662,83.21531389024523,2.882209300994873
743,744,663,79.28690372043185,2.8130860328674316
744,745,663,80.91251203748915,2.8421947956085205
745,746,664,80.42712877061632,2.865964651107788
746,747,665,84.75427992078993,2.897922992706299
747,748,666,81.51956922743055,2.887103319168091
748,749,667,83.72433268229166,2.874234199523926
749,750,668,86.67586229112413,3.062417984008789
750,751,669,79.99124518500435,2.809305429458618
751,752,670,80.36079491509332,2.8608639240264893
752,753,670,79.93853403727213,2.8248066902160645
753,754,671,83.4160168117947,2.8950107097625732
754,755,672,82.55609012179904,2.8969476222991943
755,756,673,78.73445417616102,2.789065361022949
756,757,674,82.03194207085504,2.9689762592315674
757,758,675,80.14868994818794,2.8625237941741943
758,759,676,83.71094699435764,2.9697515964508057
759,760,676,79.64533098008897,2.810405731201172
760,761,677,79.9997344970703,2.818547248840332
761,762,678,89.25460578070746,3.134723424911499
762,763,679,80.5330674065484,2.8289666175842285
763,764,680,92.68672112358941,3.095147132873535
764,765,681,80.83534596761068,2.903651237487793
765,766,682,79.85682033962674,2.8612048625946045
766,767,683,80.10311635335286,2.831319808959961
767,768,684,81.74535725911458,2.8285763263702393
768,769,685,81.09879048665364,2.8381667137145996
769,770,685,79.87517276340061,2.8050849437713623
770,771,686,81.43849419487847,2.8431694507598877
771,772,687,82.68934987386068,2.918365478515625
772,773,688,81.32161170111762,2.863072156906128
773,774,689,82.69190945095487,2.890512228012085
774,775,690,80.76687588161893,2.9021244049072266
775,776,691,80.85880466037327,2.8325867652893066
776,777,692,81.37173326280382,2.86220121383667
777,778,693,81.64138590494791,2.8758881092071533
778,779,694,80.06116214328343,2.8266043663024902
779,780,695,79.4349858601888,2.8015403747558594
780,781,696,77.95054931640625,2.7701163291931152
781,782,697,78.74413138495551,2.8221805095672607
782,783,697,78.60662909613715,2.796671152114868
783,784,698,81.00687255859376,2.848623275756836
784,785,699,79.72542504204644,2.811750888824463
785,786,700,78.38084038628472,2.7731399536132812
786,787,701,79.3461910671658,2.8689124584198
787,788,702,80.6080803765191,2.825796604156494
788,789,703,79.81458519829644,2.7962093353271484
789,790,704,82.7589367336697,2.875251531600952
790,791,705,87.60686713324652,3.0993385314941406
791,792,705,81.49490475124783,2.9095447063446045
792,793,706,82.6277823554145,2.9100542068481445
793,794,707,88.32782575819228,3.165019989013672
794,795,708,78.68256225585938,2.800563097000122
795,796,709,82.42122192382813,2.8755626678466797
796,797,710,77.41589813232422,2.7778964042663574
797,798,711,82.00009341769749,2.8425278663635254
798,799,712,79.45723673502604,2.869004487991333
799,800,712,80.98251647949219,2.8307249546051025
800,801,713,83.43367733425565,2.885221481323242
801,802,714,81.43745914035374,2.912280797958374
802,803,715,79.59957190619575,2.813180923461914
803,804,716,79.18028886583116,2.8320744037628174
804,805,717,78.52517971462673,2.7847468852996826
805,806,718,78.9335708618164,2.8004727363586426
806,807,719,82.72225460476345,2.9409003257751465
807,808,719,80.2224114312066,2.8421857357025146
808,809,720,77.93336452907987,2.776003360748291
809,810,721,79.3925279405382,2.8342902660369873
810,811,722,78.60003136528863,2.849942684173584
811,812,723,84.24195149739583,2.9072372913360596
812,813,724,80.10843946668837,2.8038711547851562
813,814,725,78.23574328952365,2.8041205406188965
814,815,726,85.61305440266928,3.0677266120910645
815,816,726,78.8840557522244,2.8202335834503174
816,817,727,83.1970482720269,2.895658016204834
817,818,728,78.357004292806,2.8340463638305664
818,819,729,80.24644944932726,2.8418996334075928
819,820,730,81.0495830959744,2.820723056793213
820,821,731,78.91505720350477,2.807015895843506
821,822,732,82.21609090169271,2.8675968647003174
822,823,733,78.04715033637153,2.7691891193389893
823,824,734,80.61133914523654,2.832517385482788
824,825,734,80.11155598958334,2.9060442447662354
825,826,735,77.35029534233941,2.785647392272949
826,827,736,211.30409783257377,3.6941261291503906
827,828,737,77.66423407660591,2.7844111919403076
828,829,738,78.38255954318576,2.8047003746032715
829,830,739,78.29476521809896,2.8290998935699463
830,831,740,78.69506700303819,2.826871633529663
831,832,740,76.59958987765842,2.756622552871704
832,833,741,77.90311991373697,2.8524208068847656
833,834,742,76.48561816745334,2.7626383304595947
834,835,743,85.33409169514974,3.042423725128174
835,836,744,78.76908637152778,2.8165946006774902
836,837,745,76.21168568929036,2.7491166591644287
837,838,746,78.00146891276042,2.7832536697387695
838,839,747,77.23189341227213,2.7867283821105957
839,840,748,77.71211954752604,2.8234329223632812
840,841,748,78.33733452690973,2.815871238708496
841,842,749,79.33559824625651,2.826991558074951
842,843,750,79.2931872897678,2.8429806232452393
843,844,751,79.02373352050782,2.79835844039917
844,845,752,79.48585188123914,2.8453378677368164
845,846,753,93.42499457465277,3.2498486042022705
846,847,754,80.88718549940322,2.9858756065368652
847,848,755,78.25878092447917,2.8307502269744873
848,849,756,76.33863135443794,2.7640292644500732
849,850,757,77.48224639892578,2.789536952972412
850,851,757,77.10470394558376,2.8027820587158203
851,852,758,76.31323530409071,2.7662413120269775
852,853,759,77.33859439425999,2.7910947799682617
853,854,760,77.3443854437934,2.758791923522949
854,855,761,77.55348273383247,2.8218605518341064
855,856,762,78.23834262424045,2.8248023986816406
856,857,763,76.67050950792101,2.7920305728912354
857,858,764,82.41332431369358,2.8898661136627197
858,859,765,76.28626895480686,2.786043882369995
859,860,766,77.13606372409397,2.799582004547119
860,861,767,77.72254011366103,2.826322317123413
861,862,767,81.11842888726129,2.8338630199432373
862,863,768,80.95367618136936,2.8792152404785156
863,864,769,77.97989942762587,2.858633279800415
864,865,770,83.32386016845703,2.9420483112335205
865,866,771,77.75615607367621,2.769103527069092
866,867,772,76.24239247639974,2.7459492683410645
867,868,773,77.51256188286675,2.8506855964660645
868,869,774,75.84871097140842,2.742960214614868
869,870,774,79.35237613254124,2.8328912258148193
870,871,775,79.39967905680338,2.897787570953369
871,872,776,78.35533955891927,2.803572177886963
872,873,777,77.69594184027778,2.8158626556396484
873,874,778,76.87839474148221,2.7694969177246094
874,875,779,77.10014241536459,2.7920989990234375
875,876,780,81.80899369981555,2.8379907608032227
876,877,781,76.94072129991319,2.7892236709594727
877,878,782,77.36383599175348,2.802786111831665
878,879,782,76.60737236870659,2.7789580821990967
879,880,783,77.92005521986219,2.7824807167053223
880,881,784,78.19486507839626,2.7953152656555176
881,882,785,75.97914140489367,2.7537662982940674
882,883,786,83.99299621582031,2.960265874862671
883,884,787,80.53780229356553,2.871504306793213
884,885,788,245.84830898708768,4.843784332275391
885,886,789,88.94510413275825,2.9698710441589355
886,887,789,79.32853478325738,2.8210363388061523
887,888,790,78.42010633680556,2.8098673820495605
888,889,791,78.17450307210287,2.78126859664917
889,890,792,77.32301322089302,2.7722198963165283
890,891,793,79.18692932128906,2.8092358112335205
891,892,794,75.93285200330946,2.7391533851623535
892,893,795,76.9752212524414,2.7767891883850098
893,894,796,77.44655439588759,2.8378653526306152
894,895,796,81.6220462375217,2.8759772777557373
895,896,797,76.10581995646159,2.748272657394409
896,897,798,77.08482784695096,2.7644824981689453
897,898,799,78.11287180582683,2.7861268520355225
898,899,800,76.6701902601454,2.784651517868042
899,900,801,78.16337678697374,2.8749043941497803
900,901,802,77.16280042860242,2.762892961502075
901,902,803,78.98136901855469,2.8577706813812256
902,903,803,82.44848107231988,2.96734356880188
903,904,804,77.02364824083116,2.7841084003448486
904,905,805,81.52667778862848,2.887106418609619
905,906,806,82.1022693210178,3.0717859268188477
906,907,807,81.44158291286892,2.9822001457214355
907,908,808,77.77003326416016,2.8325347900390625
908,909,809,79.25464375813802,2.8383045196533203
909,910,810,77.55569559733073,2.8009424209594727
910,911,811,78.47409006754557,2.837667226791382
911,912,812,76.42604183620877,2.7640252113342285
912,913,813,76.481384701199,2.8039395809173584
913,914,813,76.1982196384006,2.79607892036438
914,915,814,77.20686679416232,2.793520212173462
915,916,815,76.34268680148655,2.7641305923461914
916,917,816,82.01718478732639,2.9416961669921875
917,918,817,78.07751125759549,2.8414204120635986
918,919,818,77.31920996771919,2.8051917552948
919,920,819,76.22879087660047,2.7472305297851562
920,921,820,78.5850087483724,2.8477859497070312
921,922,821,76.59280734592014,2.7427139282226562
922,923,822,78.13511496649848,2.781660556793213
923,924,822,77.01235402425131,2.799262285232544
924,925,823,78.22124209933811,2.835716962814331
925,926,824,83.1677224053277,2.859079599380493
926,927,825,77.51235571967231,2.774637460708618
927,928,826,79.35666444566515,2.8074514865875244
928,929,827,80.45466986762153,2.943486213684082
929,930,828,77.79393073187934,2.8555023670196533
930,931,829,81.31421152750652,2.929077386856079
931,932,830,81.93753984239366,2.891709566116333
932,933,830,76.01111551920573,2.754178762435913
933,934,831,75.63719618055555,2.7242026329040527
934,935,832,77.20773044162327,2.8353312015533447
935,936,833,78.69870944552952,2.791518211364746
936,937,834,77.47178751627604,2.7765772342681885
937,938,835,79.80796678331163,2.843465566635132
938,939,836,78.99734191894531,2.7853782176971436
939,940,837,75.70778283013237,2.7589902877807617
940,941,837,76.7484870062934,2.753833770751953
941,942,838,82.52480146620009,2.9885354042053223
942,943,839,76.86465369330512,2.7653679847717285
943,944,840,77.82766689724393,2.7884438037872314
944,945,841,79.89713524712457,2.8976786136627197
945,946,842,78.61935662163629,2.851933240890503
946,947,843,81.84376135932075,2.882633686065674
947,948,844,76.81572740342882,2.763535976409912
948,949,844,75.94147457546659,2.8022468090057373
949,950,845,75.92964460584852,2.7597739696502686
950,951,846,75.34054183959961,2.7741153240203857
951,952,847,75.95246166653104,2.749070882797241
952,953,848,75.86797629462347,2.742703914642334
953,954,849,76.4624777899848,2.8181872367858887
954,955,850,75.36172841389974,2.7218151092529297
955,956,851,77.73944312201606,2.8280527591705322
956,957,851,76.86614617241753,2.8215110301971436
957,958,852,76.89102494981555,2.7775862216949463
958,959,853,75.36730160183377,2.750258445739746
959,960,854,76.54462348090277,2.7474517822265625
960,961,855,76.47638770209419,2.750779390335083
961,962,856,79.74363182915582,2.9437239170074463
962,963,857,78.54544203016493,2.817911148071289
963,964,858,75.83866483900282,2.7542431354522705
964,965,858,78.3205817328559,2.8175861835479736
965,966,859,75.4072752210829,2.7399802207946777
966,967,860,76.82455122205945,2.7734880447387695
967,968,861,75.3546635945638,2.7782390117645264
968,969,862,74.4239730834961,2.7374937534332275
969,970,863,74.54079920450846,2.7507386207580566
970,971,864,76.24854888916016,2.7559471130371094
971,972,864,75.0030281914605,2.770341634750366
972,973,865,75.31530965169271,2.7623074054718018
973,974,866,74.94725138346354,2.7604382038116455
974,975,867,76.55337498982747,2.8535659313201904
975,976,868,92.12493387858073,3.1855430603027344
976,977,869,74.74096594916449,2.7285189628601074
977,978,870,74.34075809054904,2.7356603145599365
978,979,871,74.45731353759766,2.7226648330688477
979,980,872,75.798168097602,2.757159471511841
980,981,872,78.53494839138455,2.8890998363494873
981,982,873,74.99838138156467,2.7411115169525146
982,983,874,74.48697263929579,2.7323548793792725
983,984,875,78.31488867865669,2.7996160984039307
984,985,876,75.99720357259115,2.7309372425079346
985,986,877,81.22315928141276,2.870290517807007
986,987,878,74.1232773674859,2.7159881591796875
987,988,879,74.14910464816623,2.7121078968048096
988,989,879,75.67142045762805,2.748673677444458
989,990,880,73.99553036159939,2.7133936882019043
990,991,881,74.03032853868272,2.711557149887085
991,992,882,76.34833085801867,2.750312566757202
992,993,883,74.59362089369031,2.7573580741882324
993,994,884,77.46009063720703,2.8186638355255127
994,995,885,97.49588656955295,3.2091073989868164
995,996,886,77.12698228624132,2.847667694091797
996,997,887,76.81236589219836,2.7494256496429443
997,998,887,74.47338756985134,2.749152421951294
998,999,888,77.79133978949653,2.9039602279663086
999,1000,889,75.3806403266059,2.7356855869293213
